participant_id	TICS_SCORE	DIGIT_TOTAL	DIGIT_CORRECT	RAVLT_TOTAL	RAVLT_CORRECT	CURRENT_MEDICATION_NAME	MEDICATION_STATUS_AT_SCAN	CONTRACEPTION_USE_AT_SCAN	TIMING_BIOLOGICAL_SAMPLING_RELATIVE_TO_TREATMENT	TIME_OF_DAY_BLOOD_SAMPLING	BLOOD_MENSTRUAL_CYCLE_PHASE	BLOOD_OXYTOCIN_LEVELS	BLOOD_VASOPRESSIN_LEVELS	TIME_OF_DAY_SALIVARY_SAMPLING	SALIVARY_SNP_RS429358	SALIVARY_SNP_RS7412	SALIVARY_APOE_GENOTYPE	TIME_OF_DAY_RESTING_SCAN
sub-11001	n/a	55	55	8	8	n/a	0	n/a	27 days before	9.58	n/a	506.26	152.28	9.59	Homozygous T/T	Homozygous C/C	e3e3	10.38
sub-11002	n/a	67	65	8	7	n/a	0	n/a	30 days before	8.47	n/a	740.56	121.64	8.53	Homozygous C/C	Homozygous C/C	e4e4	10.38
sub-11003	n/a	68	68	8	8	n/a	0	n/a	20 days before	8.24	n/a	889.92	131.64	8.33	Homozygous T/T	Homozygous C/C	e3e3	10.55
sub-11006	n/a	65	63	9	9	n/a	0	n/a	26 days before	10.01	n/a	713.61	134.23	10.09	n/a	n/a	n/a	10.24
sub-11007	n/a	71	69	11	11	n/a	0	n/a	78 days before	9.41	n/a	923.06	118.44	9.44	Homozygous T/T	Homozygous C/C	e3e3	11.30
sub-11008	n/a	73	68	13	13	n/a	0	n/a	19 days before	8.51	n/a	911.88	112.99	9.00	Homozygous T/T	Homozygous C/C	e3e3	10.25
sub-11009	n/a	58	58	9	9	n/a	0	n/a	49 days before	9.48	n/a	709.20	131.64	10.00	Homozygous T/T	Homozygous C/C	e3e3	11.31
sub-11010	n/a	76	76	8	7	n/a	0	n/a	5 days after	9.54	n/a	911.88	139.54	9.55	Homozygous T/T	Homozygous C/C	e3e3	11.80
sub-11011	n/a	47	44	9	9	n/a	0	n/a	7 days before	9.45	n/a	837.24	121.64	9.50	Homozygous T/T	Homozygous C/C	e3e3	10.42
sub-11012	n/a	57	56	8	8	sobdyn	0	n/a	21 days before	10	n/a	629.88	159.46	10.10	Homozygous T/T	Heterozygous C/T	e2e3	10.40
sub-11013	n/a	63	63	9	9	n/a	0	n/a	5 days before	9.41	n/a	679.03	154.52	9.50	Homozygous T/T	Heterozygous C/T	e2e3	10.33
sub-11014	n/a	85	83	11	10	n/a	1	n/a	35 days before	10.05	n/a	759.03	137.75	9.44	Homozygous T/T	Heterozygous C/T	e2e3	11.20
sub-11015	n/a	67	67	6	6	n/a	0	n/a	30 days before	10.48	n/a	662.30	149.70	11.00	Homozygous T/T	Homozygous C/C	e3e3	11.80
sub-11016	n/a	49	49	8	8	doxycycline	0	n/a	49 days before	9.53	n/a	745.14	145.01	10.04	Heterozygous C/T	Homozygous C/C	e3e4	11.30
sub-11017	n/a	65	65	8	6	n/a	0	n/a	127 days before	9.47	n/a	923.06	106.25	9.56	Homozygous T/T	Homozygous C/C	e3e3	10.11
sub-11018	n/a	68	68	14	14	n/a	0	n/a	6 days before	9.44	n/a	759.03	141.34	9.04	n/a	n/a	n/a	8.12
sub-11022	n/a	52	51	5	5	Prilosec	1	n/a	83 days before	10.38	n/a	691.82	124.91	10.48	Homozygous T/T	Homozygous C/C	e3e3	7.37
sub-11023	n/a	69	69	10	10	n/a	0	n/a	19 days before	9.34	n/a	792.37	116.87	9.30	Homozygous T/T	Homozygous C/C	e3e3	8.14
sub-11024	n/a	67	66	9	8	n/a	1	n/a	21 days before	10.48	n/a	923.06	107.72	10.30	Heterozygous C/T	Homozygous C/C	e3e4	11.11
sub-11025	n/a	84	84	7	7	n/a	0	n/a	14 days before	9.4	n/a	842.37	97.70	9.22	Homozygous T/T	Homozygous C/C	e3e3	10.13
sub-11029	n/a	73	73	14	14	n/a	0	n/a	97 days before	9.16	n/a	763.71	103.35	9.25	Heterozygous C/T	Homozygous C/C	e3e4	11.37
sub-11030	n/a	55	54	7	7	n/a	1	n/a	106 days before	9.31	n/a	759.03	143.17	9.37	Heterozygous C/T	Homozygous C/C	e3e4	11.11
sub-11031	n/a	70	70	11	11	Losartin	1	n/a	14 days before	9.45	n/a	911.88	112.23	9.48	Homozygous C/C	Homozygous C/C	e4e4	10.47
sub-12000	n/a	75	75	11	11	n/a	1	1	8 days after	8.28	follicular	598.81	148.75	8.25	Homozygous T/T	Homozygous C/C	e3e3	10.30
sub-12001	n/a	75	75	7	7	n/a	0	2	118 days before	9.04	follicular	674.81	152.58	9.18	Homozygous C/C	Homozygous C/C	e4e4	10.25
sub-12002	n/a	55	55	10	10	n/a	0	2	42 days before	9.08	luteal	489.81	131.64	9.17	Homozygous T/T	Homozygous C/C	e3e3	11.25
sub-12030	n/a	51	51	9	9	n/a	0	2	48 days before	9.06	luteal	945.82	111.47	9.07	Homozygous T/T	Homozygous C/C	e3e3	10.10
sub-12031	n/a	76	75	13	12	n/a	0	2	63 days before	9.55	luteal	951.60	115.30	9.31	Homozygous T/T	Heterozygous C/T	e2e3	10.17
sub-12032	n/a	93	93	10	10	n/a	1	1	18 days before	8.53	luteal	879.14	145.01	9.06	Homozygous T/T	Heterozygous C/T	e2e3	10.19
sub-12033	n/a	79	79	10	10	n/a	0	1	34 days before	9.44	luteal	999.11	102.63	9.32	Heterozygous C/T	Homozygous C/C	e3e4	10.35
sub-12034	n/a	66	66	10	10	n/a	0	2	18 days before	8.48	luteal	1207.72	97.01	8.58	Homozygous T/T	Homozygous C/C	e3e3	10.50
sub-12035	n/a	58	58	10	10	n/a	0	1	n/a	8.3	luteal	969.14	115.30	8.43	Homozygous T/T	Homozygous C/C	e3e3	10.25
sub-12036	n/a	59	59	9	9	n/a	1	1	14 days before	9.38	luteal	842.37	120.04	9.50	Homozygous T/T	Homozygous C/C	e3e3	11.22
sub-12037	n/a	64	64	12	12	n/a	0	2	20 days before	9.11	luteal	740.56	129.08	9.18	Heterozygous C/T	Homozygous C/C	e3e4	10.53
sub-12038	n/a	58	58	9	9	n/a	0	2	37 days before	9.58	luteal	868.48	116.87	10.10	Homozygous T/T	Homozygous C/C	e3e3	10.47
sub-12039	n/a	56	56	8	8	n/a	0	1	1 days before	9.35	luteal	670.62	146.87	9.24	Homozygous T/T	Homozygous C/C	e3e3	10.41
sub-12040	n/a	54	54	8	8	n/a	0	1	14 days before	9.31	luteal	807.07	124.09	9.36	Homozygous T/T	Homozygous C/C	e3e3	11.14
sub-12041	n/a	79	79	10	9	n/a	0	2	28 days before	9.37	luteal	749.74	165.57	9.50	Heterozygous C/T	Homozygous C/C	e3e4	11.50
sub-12043	n/a	66	66	10	10	n/a	0	2	4 days before	10.32	luteal	975.06	114.53	10.35	Homozygous T/T	Homozygous C/C	e3e3	11.90
sub-12044	n/a	57	57	8	8	n/a	1	2	26 days before	10.22	luteal	1023.77	122.45	10.34	Homozygous T/T	Homozygous C/C	e3e3	10.41
sub-12047	n/a	51	51	9	9	n/a	0	1	3 days before	9.16	luteal	822.03	141.34	9.27	Homozygous T/T	Homozygous C/C	e3e3	10.10
sub-12050	n/a	60	60	10	10	n/a	0	2	42 days before	9.49	luteal	704.82	158.46	9.56	Homozygous T/T	Heterozygous C/T	e2e3	10.46
sub-12051	n/a	73	73	7	7	n/a	1	2	7 days before	10.25	luteal	792.37	138.64	9.36	Heterozygous C/T	Homozygous C/C	e3e4	11.20
sub-12055	n/a	61	61	8	8	n/a	0	2	2 days before	10.37	luteal	740.56	155.50	10.30	Homozygous T/T	Homozygous C/C	e3e3	10.58
sub-21002	36	46	46	7	6	"atenolol, lisinopril"	1	n/a	33 days before	9.28	n/a	802.14	146.87	9.42	Heterozygous C/T	Homozygous C/C	e3e4	11.30
sub-21003	38	43	43	13	12	n/a	0	n/a	8 days before	10.1	n/a	519.72	164.54	10.10	Homozygous T/T	Homozygous C/C	e3e3	10.35
sub-21004	35	38	38	6	6	n/a	0	n/a	32 days before	10.09	n/a	523.12	152.58	10.20	Heterozygous C/T	Heterozygous C/T	e2e4	10.12
sub-21006	34	44	37	8	7	n/a	1	n/a	51 days before	0	n/a	595.02	148.75	9.10	Homozygous T/T	Homozygous C/C	e3e3	9.59
sub-21007	40	42	42	8	6	"terazosin, fisteride, chlopidorigl, simvastatin"	1	n/a	10 days before	9.57	n/a	561.75	140.44	10.18	Heterozygous C/T	Homozygous C/C	e3e4	11.10
sub-21008	37	49	49	8	7	androgel	1	n/a	26 days before	10.38	n/a	n/a	n/a	10.41	Homozygous T/T	Heterozygous C/T	e2e3	10.54
sub-21009	35	39	39	7	7	"mecycline, prevacid, Noratate cream"	1	n/a	24 days before	10.19	n/a	745.14	154.52	10.33	Heterozygous C/T	Homozygous C/C	e3e4	11.90
sub-21010	34	46	46	8	6	"Bezepril, Simvastatin, hydrocodone"	1	n/a	17 days before	9.33	n/a	709.20	146.87	9.43	n/a	n/a	n/a	11.12
sub-21011	36	41	41	5	5	"stool softener, Lisinopril, Pravastatin"	1	n/a	13 days before	10.16	n/a	889.92	135.10	10.21	Homozygous T/T	Homozygous C/C	e3e3	10.23
sub-21013	35	49	49	7	7	"simbastatin, prazosin, Glyburdine, surostmide, Gabapentin, Itratropium"	1	n/a	8 days before	10.35	n/a	649.98	152.58	10.55	Heterozygous C/T	Homozygous C/C	e3e4	11.51
sub-21014	35	48	48	7	6	Coomadin	1	n/a	7 days before	10.27	n/a	674.81	138.64	10.47	Heterozygous C/T	Homozygous C/C	e3e4	11.15
sub-21016	36	37	37	7	7	"metformin, lorastatin, alpril, hydrochlorite"	1	n/a	3 days before	9.33	n/a	654.06	163.52	9.50	Homozygous T/T	Homozygous C/C	e3e3	10.52
sub-21018	34	45	45	12	12	n/a	0	n/a	6 days before	10	n/a	906.34	129.08	10.14	Homozygous T/T	Homozygous C/C	e3e3	11.10
sub-21020	32	42	42	4	4	prescription medicine for helping sleep	0	n/a	3 days before	9.3	n/a	951.60	135.10	9.40	Heterozygous C/T	Homozygous C/C	e3e4	8.40
sub-21023	31	44	44	5	5	n/a	0	n/a	21 days before	10.34	n/a	889.92	118.44	10.23	Homozygous T/T	Homozygous C/C	e3e3	11.37
sub-21024	37	42	42	9	7	"Vasotec, lipito"	0	n/a	4 days before	10.45	n/a	797.24	146.87	10.56	Homozygous T/T	Homozygous C/C	e3e3	8.59
sub-21025	37	52	52	6	6	"amlodipine, spirnolactone"	1	n/a	7 days before	9.35	n/a	895.36	135.98	9.43	Homozygous T/T	Homozygous C/C	e3e3	10.20
sub-21026	34	36	36	6	4	"simbastatin, lasartin, warrin"	1	n/a	10 days before	11	n/a	817.01	135.98	11.30	Homozygous T/T	Homozygous C/C	e3e3	11.14
sub-21028	35	34	34	5	5	"Cymbalta, simvostatin "	1	n/a	14 days before	10.51	n/a	852.72	148.75	11.20	n/a	n/a	n/a	11.24
sub-22029	32	44	44	8	7	"gabapentin, benzapril-hcl, anlodipine besylate"	1	n/a	12 days before	9.53	n/a	981.02	112.23	10.09	Heterozygous C/T	Homozygous C/C	e3e4	11.13
sub-22031	n/a	61	61	9	9	n/a	0	n/a	6 days before	9.55	n/a	963.26	105.52	10.00	Heterozygous C/T	Homozygous C/C	e3e4	10.53
sub-22032	35	39	39	4	4	"crestor, elapril, metformin"	1	n/a	5 days before	10.04	n/a	802.14	110.71	10.20	Homozygous T/T	Homozygous C/C	e3e3	10.23
sub-22033	41	63	61	8	6	"MCTZ, levothyroxine"	1	n/a	15 days before	9.52	n/a	863.19	131.64	10.05	n/a	n/a	n/a	11.90
sub-22034	33	47	47	9	7	latanoprost	1	n/a	22 days before	10.15	n/a	934.37	118.44	10.27	Homozygous T/T	Heterozygous C/T	e2e3	10.45
sub-22035	35	41	41	8	6	"prevacid, lisinopril"	1	n/a	22 days before	10.26	n/a	792.37	141.34	10.38	Homozygous T/T	Heterozygous C/T	e2e3	11.30
sub-22036	35	38	38	6	5	"bactorfin, flexerol, vista, cynthroid, tramador, taigan, albutirol"	1	n/a	16 days before	10.54	n/a	696.13	143.17	10.33	Homozygous T/T	Homozygous C/C	e3e3	11.38
sub-22037	37	61	61	13	12	n/a	1	n/a	13 days before	10.07	n/a	868.48	164.54	10.19	Heterozygous C/T	Homozygous C/C	e3e4	11.30
sub-22038	39	62	62	14	14	n/a	0	n/a	13 days before	10.49	n/a	759.03	184.00	10.51	Heterozygous C/T	Homozygous C/C	e3e4	11.10
sub-22039	36	40	39	7	6	Linsinopric	1	n/a	13 days before	9.43	n/a	649.98	187.44	10.00	Homozygous T/T	Homozygous C/C	e3e3	11.20
sub-22040	36	55	55	11	10	n/a	0	n/a	16 days before	10.2	n/a	987.01	113.76	10.34	Homozygous T/T	Heterozygous C/T	e2e3	10.23
sub-22041	36	50	49	5	5	psychotropic drugs for biolar disorder; synthroid; imdur; wellbultrin; estrodiol; vesicare; lithium; multivitamin	1	n/a	7 days before	10.26	n/a	763.71	158.46	10.02	Heterozygous C/T	Homozygous C/C	e3e4	11.00
sub-22042	39	45	45	9	9	"Cozadr, Poxycycline, Tramadol, Flose"	1	n/a	20 days before	9.5	n/a	696.13	174.03	9.39	Homozygous T/T	Homozygous C/C	e3e3	10.59
sub-22043	36	43	41	8	5	"hydrochloitlizodize, amylodipine, alendrote, elopril"	1	n/a	14 days before	10.03	n/a	670.62	167.65	10.08	Heterozygous C/T	Homozygous C/C	e3e4	10.34
sub-22044	31	50	50	9	9	provastation	0	n/a	8 days before	9.51	n/a	722.49	195.68	10.30	Homozygous T/T	Heterozygous C/T	e2e3	10.34
sub-22046	37	51	51	8	8	"Lipitor, Synthyrold, Cytabel"	1	n/a	7 days before	10.05	n/a	928.70	145.01	10.20	Homozygous T/T	Homozygous C/C	e3e3	11.14
sub-22047	39	51	50	8	7	n/a	0	n/a	3 days before	9.56	n/a	679.03	159.46	9.38	Homozygous T/T	Homozygous C/C	e3e3	11.24
sub-22048	35	53	53	10	8	n/a	0	n/a	138 days before	10.02	n/a	759.03	147.81	9.35	Heterozygous C/T	Homozygous C/C	e3e4	10.42
sub-22049	39	45	45	11	11	"Cinthroid triampterine/HCTE, Lantprost, primeran"	1	n/a	7 days before	9.37	n/a	768.42	145.01	9.50	Heterozygous C/T	Homozygous C/C	e3e4	11.18
sub-22051	35	36	36	9	8	"Amlodopin, multique"	1	n/a	6 days before	9.59	n/a	879.14	133.36	9.41	Homozygous T/T	Homozygous C/C	e3e3	10.46
sub-22054	36	61	61	13	13	"Doxyciclin, Paxil, Vagifan"	1	n/a	33 days before	1.05	n/a	832.14	134.23	11.09	Heterozygous C/T	Heterozygous C/T	e2e4	10.26
sub-22056	31	52	35	8	8	"Thenytoin, atorvastatin, bisoprolfim, bisoprololfumarte, thydroxychloroquine"	0	n/a	7 days before	10.13	n/a	969.14	157.47	10.25	Homozygous T/T	Homozygous C/C	e3e3	10.53
sub-22057	38	61	61	8	8	Occuvite	1	n/a	1 days before	10.1	n/a	827.07	133.36	10.12	Homozygous T/T	Homozygous C/C	e3e3	8.28
sub-22058	34	51	51	9	8	n/a	0	n/a	2 days before	10.32	n/a	917.45	148.75	9.40	Homozygous T/T	Homozygous C/C	e3e3	7.55
